[
  {
      "id": 1,
      "title": "Men's Vintage T-shirt",
      "brand": "Hockerty",
      "originalPrice": 400,
      "discountedPrice": 0,
      "imageUrl": "tshirt.png",
      "liked": false,
      "category": "Men",
      "type": "Topwear",
      "description":"this is testing text",
      "rating":3,
       "sizes": ["Medium", "Small", "Large"]
  },
  {
      "id": 2,
      "title": "Women's Denim Jacket",
      "brand": "Levi's",
      "originalPrice": 1200,
      "discountedPrice": 900,
      "imageUrl": "https://i.pinimg.com/736x/46/22/cb/4622cb5513d6251bf33adfa36a275879.jpg",
      "liked": false,
      "category": "Women",
      "type": "Topwear",
      "description":"this is testing text",
      "rating":3,
       "sizes": ["Medium", "Small", "Large"]
  },
  {
      "id": 3,
      "title": "Kids' Cotton Shirt",
      "brand": "Arrow",
      "originalPrice": 800,
      "discountedPrice": 650,
      "imageUrl": "https://i.pinimg.com/236x/69/92/cb/6992cbf40fed60a2d5b3eac944a606b8.jpg",
      "liked": false,
      "category": "Kids",
      "type": "Topwear",
      "description":"this is testing text",
      "rating":3,
       "sizes": ["Medium", "Small", "Large"]
  },
  {
      "id": 4,
      "title": "Men's Graphic Hoodie",
      "brand": "Nike",
      "originalPrice": 1500,
      "discountedPrice": 1200,
      "imageUrl": "https://i.pinimg.com/236x/b3/83/ba/b383ba03c7a0c2be23ef088db62c4848.jpg",
      "liked": false,
      "category": "Men",
      "type": "Topwear",
      "description":"this is testing text",
      "rating":3,
       "sizes": ["Medium", "Small", "Large"]
  },
  {
      "id": 5,
      "title": "Women's Sports Shoes",
      "brand": "Adidas",
      "originalPrice": 3000,
      "discountedPrice": 2500,
      "imageUrl": "https://i.pinimg.com/236x/4a/e4/60/4ae4603aa3777775dd6142948265048e.jpg",
      "liked": false,
      "category": "Women",
      "type": "Shoes",
      "description":"this is testing text",
      "rating":3,
       "sizes": ["Medium", "Small", "Large"]
  },
  {
      "id": 6,
      "title": "Men's Chinos Pants",
      "brand": "Zara",
      "originalPrice": 2000,
      "discountedPrice": 1600,
      "imageUrl": "https://i.pinimg.com/236x/5f/53/f8/5f53f8bddf1170979647954b34e514a9.jpg",
      "liked": false,
      "category": "Men",
      "type": "Bottomwear",
      "description":"this is testing text",
      "rating":3,
       "sizes": ["Medium", "Small", "Large"]
  },
  {
      "id": 7,
      "title": "Kids' Casual Sneakers",
      "brand": "Puma",
      "originalPrice": 2200,
      "discountedPrice": 1800,
      "imageUrl": "https://i.pinimg.com/236x/8d/78/f2/8d78f2f2ef1a99b4d19959b69b5f93ed.jpg",
      "liked": false,
      "category": "Kids",
      "type": "Shoes",
      "description":"this is testing text",
      "rating":3,
       "sizes": ["Medium", "Small", "Large"]
  },
  {
      "id": 8,
      "title": "Men's Formal Blazer",
      "brand": "Raymond",
      "originalPrice": 5000,
      "discountedPrice": 4000,
      "imageUrl": "https://i.pinimg.com/236x/5f/53/f8/5f53f8bddf1170979647954b34e514a9.jpg",
      "liked": false,
      "category": "Men",
      "type": "Topwear",
      "description":"this is testing text",
      "rating":3,
       "sizes": ["Medium", "Small", "Large"]
  },
  {
      "id": 9,
      "title": "Women's Chinos Pants",
      "brand": "Zara",
      "originalPrice": 2000,
      "discountedPrice": 1600,
      "imageUrl": "https://i.pinimg.com/236x/5f/53/f8/5f53f8bddf1170979647954b34e514a9.jpg",
      "liked": false,
      "category": "Women",
      "type": "Bottomwear",
      "description":"this is testing text",
      "rating":3,
       "sizes": ["Medium", "Small", "Large"]
  },
  {
      "id": 10,
      "title": "Men's Running Shorts",
      "brand": "Reebok",
      "originalPrice": 1000,
      "discountedPrice": 800,
      "imageUrl": "https://i.pinimg.com/236x/8d/78/f2/8d78f2f2ef1a99b4d19959b69b5f93ed.jpg",
      "liked": false,
      "category": "Men",
      "type": "Bottomwear",
      "description":"this is testing text",
      "rating":3,
       "sizes": ["Medium", "Small", "Large"]
  }
]
